{
  "hero": {
    "title": "Welcome to FoodiClub!",
    "subtitle": "Order from Multiple restaurants in one single order.",
    "promoText": "Use code: FC50 to get FLAT 50% OFF on your 1st order.",
    "searchPlaceholder": "Enter your delivery location",
    "stats": {
      "rating": "4.5+ rated app",
      "downloads": "5 million+ downloads",
      "cities": "Available in 50+ cities across India"
    },
    "bannerOffer": {
      "title": "BUY 1 GET 1",
      "highlight": "FREE",
      "subtitle": "ALL DAY, EVERYDAY"
    }
  },
  "categories": [
    { "id": "cat-1", "name": "Homestyle Meals", "icon": "🍱", "image": "https://images.unsplash.com/photo-1546069901-ba9599a7e63c?w=200&h=200&fit=crop" },
    { "id": "cat-2", "name": "Pizzas", "icon": "🍕", "image": "https://images.unsplash.com/photo-1565299624946-b28f40a0ae38?w=200&h=200&fit=crop" },
    { "id": "cat-3", "name": "Burgers", "icon": "🍔", "image": "https://images.unsplash.com/photo-1568901346375-23c9450c58cd?w=200&h=200&fit=crop" },
    { "id": "cat-4", "name": "Biryani", "icon": "🍚", "image": "https://images.unsplash.com/photo-1563379091339-03b21ab4a4f8?w=200&h=200&fit=crop" },
    { "id": "cat-5", "name": "Shawarma", "icon": "🌯", "image": "https://images.unsplash.com/photo-1529006557810-274b9b2fc783?w=200&h=200&fit=crop" },
    { "id": "cat-6", "name": "Rice Bowl", "icon": "🍜", "image": "https://images.unsplash.com/photo-1512058564366-18510be2db19?w=200&h=200&fit=crop" },
    { "id": "cat-7", "name": "Desserts", "icon": "🍰", "image": "https://images.unsplash.com/photo-1551024601-bec78aea704b?w=200&h=200&fit=crop" },
    { "id": "cat-8", "name": "North Indian", "icon": "🍛", "image": "https://images.unsplash.com/photo-1585937421612-70a008356fbe?w=200&h=200&fit=crop" },
    { "id": "cat-9", "name": "Ice Cream", "icon": "🍦", "image": "https://images.unsplash.com/photo-1497034825429-c343d7c6a68f?w=200&h=200&fit=crop" },
    { "id": "cat-10", "name": "Pasta", "icon": "🍝", "image": "https://images.unsplash.com/photo-1621996346565-e3dbc646d9a9?w=200&h=200&fit=crop" },
    { "id": "cat-11", "name": "Chinese", "icon": "🥡", "image": "https://images.unsplash.com/photo-1569058242567-93de6f36f8eb?w=200&h=200&fit=crop" },
    { "id": "cat-12", "name": "Veg Meals", "icon": "🥗", "image": "https://images.unsplash.com/photo-1512621776951-a57141f2eefd?w=200&h=200&fit=crop" }
  ],
  "restaurants": [
    {
      "id": "rest-1",
      "name": "Royal Biryani House",
      "description": "Authentic Hyderabadi biryani",
      "image": "https://images.unsplash.com/photo-1563379091339-03b21ab4a4f8?w=400&h=300&fit=crop",
      "rating": 4.5,
      "deliveryTime": "30-40 min",
      "offer": "50% off up ₹500 - use code FIRSTTIME",
      "cuisine": "Biryani, North Indian",
      "featured": true
    },
    {
      "id": "rest-2",
      "name": "Pizza Paradise",
      "description": "Wood-fired pizzas with fresh toppings",
      "image": "https://images.unsplash.com/photo-1565299624946-b28f40a0ae38?w=400&h=300&fit=crop",
      "rating": 4.3,
      "deliveryTime": "25-35 min",
      "offer": "Buy 1 Get 1 Free on all pizzas",
      "cuisine": "Pizza, Italian",
      "featured": true
    },
    {
      "id": "rest-3",
      "name": "Burger Barn",
      "description": "Gourmet burgers & shakes",
      "image": "https://images.unsplash.com/photo-1568901346375-23c9450c58cd?w=400&h=300&fit=crop",
      "rating": 4.2,
      "deliveryTime": "20-30 min",
      "offer": "Flat 30% off on first order",
      "cuisine": "Burgers, American",
      "featured": true
    },
    {
      "id": "rest-4",
      "name": "Wok & Roll",
      "description": "Chinese & Asian fusion bowls",
      "image": "https://images.unsplash.com/photo-1569058242567-93de6f36f8eb?w=400&h=300&fit=crop",
      "rating": 4.1,
      "deliveryTime": "35-45 min",
      "offer": "20% off on orders above ₹299",
      "cuisine": "Chinese, Asian",
      "featured": false
    },
    {
      "id": "rest-5",
      "name": "Tandoori Nights",
      "description": "Authentic North Indian cuisine",
      "image": "https://images.unsplash.com/photo-1585937421612-70a008356fbe?w=400&h=300&fit=crop",
      "rating": 4.6,
      "deliveryTime": "30-45 min",
      "offer": "Free delivery on orders above ₹399",
      "cuisine": "North Indian, Mughlai",
      "featured": true
    },
    {
      "id": "rest-6",
      "name": "Sweet Surrender",
      "description": "Delicious desserts & pastries",
      "image": "https://images.unsplash.com/photo-1551024601-bec78aea704b?w=400&h=300&fit=crop",
      "rating": 4.4,
      "deliveryTime": "20-30 min",
      "offer": "Free dessert on orders above ₹599",
      "cuisine": "Desserts, Bakery",
      "featured": false
    }
  ],
  "offers": [
    {
      "id": "offer-1",
      "title": "BUY 1 GET 1 FREE",
      "subtitle": "ALL DAY, EVERYDAY",
      "restaurant": "Pizza Paradise",
      "image": "https://images.unsplash.com/photo-1513104890138-7c749659a591?w=600&h=300&fit=crop",
      "bgColor": "#4338ca",
      "active": true
    },
    {
      "id": "offer-2",
      "title": "BUY 1 GET 1 FREE",
      "subtitle": "ALL DAY, EVERYDAY",
      "restaurant": "Burger Barn",
      "image": "https://images.unsplash.com/photo-1571091718767-18b5b1457add?w=600&h=300&fit=crop",
      "bgColor": "#7c3aed",
      "active": true
    },
    {
      "id": "offer-3",
      "title": "BUY 1 GET 1 FREE",
      "subtitle": "ALL DAY, EVERYDAY",
      "restaurant": "Royal Biryani House",
      "image": "https://images.unsplash.com/photo-1563379091339-03b21ab4a4f8?w=600&h=300&fit=crop",
      "bgColor": "#6d28d9",
      "active": true
    }
  ],
  "collections": [
    {
      "id": "col-1",
      "title": "Weekend Specials at ₹99",
      "image": "https://images.unsplash.com/photo-1504674900247-0877df9cc836?w=400&h=300&fit=crop",
      "link": "/menu"
    },
    {
      "id": "col-2",
      "title": "Multi-Restaurant BOGO",
      "image": "https://images.unsplash.com/photo-1555939594-58d7cb561ad1?w=400&h=300&fit=crop",
      "link": "/menu"
    },
    {
      "id": "col-3",
      "title": "FLAT 25% off on Orders above ₹499",
      "image": "https://images.unsplash.com/photo-1567620905732-2d1ec7ab7445?w=400&h=300&fit=crop",
      "link": "/menu"
    }
  ],
  "elite": {
    "title": "ELITE",
    "freeDelivery": "above ₹199",
    "freeDishes": "above ₹449",
    "tagline": "Claim your Elite benefits",
    "items": [
      { "id": "elite-1", "label": "Above ₹449", "image": "https://images.unsplash.com/photo-1546069901-ba9599a7e63c?w=200&h=200&fit=crop" },
      { "id": "elite-2", "label": "Above ₹499", "image": "https://images.unsplash.com/photo-1565299624946-b28f40a0ae38?w=200&h=200&fit=crop" },
      { "id": "elite-3", "label": "Above ₹499", "image": "https://images.unsplash.com/photo-1568901346375-23c9450c58cd?w=200&h=200&fit=crop" },
      { "id": "elite-4", "label": "Above ₹699", "image": "https://images.unsplash.com/photo-1551024601-bec78aea704b?w=200&h=200&fit=crop" },
      { "id": "elite-5", "label": "Above ₹999", "image": "https://images.unsplash.com/photo-1563379091339-03b21ab4a4f8?w=200&h=200&fit=crop" },
      { "id": "elite-6", "label": "Above ₹1999", "image": "https://images.unsplash.com/photo-1585937421612-70a008356fbe?w=200&h=200&fit=crop" }
    ]
  },
  "settings": {
    "siteName": "FoodiClub",
    "tagline": "Foodcourt on an App",
    "domain": "foodiclub.com",
    "phone": "1800-123-4567",
    "email": "support@foodiclub.com",
    "address": "123 Food Street, New Delhi, India",
    "socialLinks": {
      "facebook": "https://facebook.com/foodiclub",
      "instagram": "https://instagram.com/foodiclub",
      "twitter": "https://twitter.com/foodiclub"
    },
    "primaryColor": "#4338ca",
    "secondaryColor": "#f59e0b"
  }
}
